G15512	0	G15512.normal	G15512.normal_1	/pica/v9/a2014205_nobackup/szilva/TCGA/S1/G15512/N/C097FACXX111207.1.AGTTGCTT_1.fastq.gz	/pica/v9/a2014205_nobackup/szilva/TCGA/S1/G15512/N/C097FACXX111207.1.AGTTGCTT_2.fastq.gz
G15512	0	G15512.normal	G15512.normal_2	/pica/v9/a2014205_nobackup/szilva/TCGA/S1/G15512/N/C097FACXX111207.2.AGTTGCTT_1.fastq.gz	/pica/v9/a2014205_nobackup/szilva/TCGA/S1/G15512/N/C097FACXX111207.2.AGTTGCTT_2.fastq.gz
G15512	0	G15512.normal	G15512.normal_3	/pica/v9/a2014205_nobackup/szilva/TCGA/S1/G15512/N/C09DFACXX111207.4.AGTTGCTT_1.fastq.gz	/pica/v9/a2014205_nobackup/szilva/TCGA/S1/G15512/N/C09DFACXX111207.4.AGTTGCTT_2.fastq.gz
G15512	0	G15512.normal	G15512.normal_4	/pica/v9/a2014205_nobackup/szilva/TCGA/S1/G15512/N/D0F23ACXX111212.1.AGTTGCTT_1.fastq.gz	/pica/v9/a2014205_nobackup/szilva/TCGA/S1/G15512/N/D0F23ACXX111212.1.AGTTGCTT_2.fastq.gz
G15512	0	G15512.normal	G15512.normal_5	/pica/v9/a2014205_nobackup/szilva/TCGA/S1/G15512/N/D0F23ACXX111212.2.AGTTGCTT_1.fastq.gz	/pica/v9/a2014205_nobackup/szilva/TCGA/S1/G15512/N/D0F23ACXX111212.2.AGTTGCTT_2.fastq.gz
G15512	0	G15512.normal	G15512.normal_6	/pica/v9/a2014205_nobackup/szilva/TCGA/S1/G15512/N/D0F23ACXX111212.3.AGTTGCTT_1.fastq.gz	/pica/v9/a2014205_nobackup/szilva/TCGA/S1/G15512/N/D0F23ACXX111212.3.AGTTGCTT_2.fastq.gz
G15512	1	G15512.tumor	G15512.tumor_1	/pica/v9/a2014205_nobackup/szilva/TCGA/S1/G15512/T/C09DFACXX111207.3.ACCAACTG_1.fastq.gz	/pica/v9/a2014205_nobackup/szilva/TCGA/S1/G15512/T/C09DFACXX111207.3.ACCAACTG_2.fastq.gz
G15512	1	G15512.tumor	G15512.tumor_2	/pica/v9/a2014205_nobackup/szilva/TCGA/S1/G15512/T/C09DFACXX111207.5.ACCAACTG_1.fastq.gz	/pica/v9/a2014205_nobackup/szilva/TCGA/S1/G15512/T/C09DFACXX111207.5.ACCAACTG_2.fastq.gz
G15512	1	G15512.tumor	G15512.tumor_3	/pica/v9/a2014205_nobackup/szilva/TCGA/S1/G15512/T/C09DFACXX111207.6.ACCAACTG_1.fastq.gz	/pica/v9/a2014205_nobackup/szilva/TCGA/S1/G15512/T/C09DFACXX111207.6.ACCAACTG_2.fastq.gz
G15512	1	G15512.tumor	G15512.tumor_4	/pica/v9/a2014205_nobackup/szilva/TCGA/S1/G15512/T/C09DFACXX111207.7.ACCAACTG_1.fastq.gz	/pica/v9/a2014205_nobackup/szilva/TCGA/S1/G15512/T/C09DFACXX111207.7.ACCAACTG_2.fastq.gz
G15512	1	G15512.tumor	G15512.tumor_5	/pica/v9/a2014205_nobackup/szilva/TCGA/S1/G15512/T/C09DFACXX111207.8.ACCAACTG_1.fastq.gz	/pica/v9/a2014205_nobackup/szilva/TCGA/S1/G15512/T/C09DFACXX111207.8.ACCAACTG_2.fastq.gz