G15511	XX	0	normal	normal_1	/pica/v9/a2014205_nobackup/szilva/TCGA/S1/downsampling/G15511/T/D0ENMACXX111207.1.CCAGTTAG_1.fastq.gz	/pica/v9/a2014205_nobackup/szilva/TCGA/S1/downsampling/G15511/T/D0ENMACXX111207.1.CCAGTTAG_2.fastq.gz
G15511	XX	0	normal	normal_2	/pica/v9/a2014205_nobackup/szilva/TCGA/S1/downsampling/G15511/T/D0ENMACXX111207.2.CCAGTTAG_1.fastq.gz	/pica/v9/a2014205_nobackup/szilva/TCGA/S1/downsampling/G15511/T/D0ENMACXX111207.2.CCAGTTAG_2.fastq.gz
G15511	XX	0	normal	normal_3	/pica/v9/a2014205_nobackup/szilva/TCGA/S1/downsampling/G15511/T/D0ENMACXX111207.3.CCAGTTAG_1.fastq.gz	/pica/v9/a2014205_nobackup/szilva/TCGA/S1/downsampling/G15511/T/D0ENMACXX111207.3.CCAGTTAG_2.fastq.gz
G15511	XX	0	normal	normal_5	/pica/v9/a2014205_nobackup/szilva/TCGA/S1/downsampling/G15511/T/D0ENMACXX111207.5.CCAGTTAG_1.fastq.gz	/pica/v9/a2014205_nobackup/szilva/TCGA/S1/downsampling/G15511/T/D0ENMACXX111207.5.CCAGTTAG_2.fastq.gz
G15511	XX	0	normal	normal_6	/pica/v9/a2014205_nobackup/szilva/TCGA/S1/downsampling/G15511/T/D0ENMACXX111207.6.CCAGTTAG_1.fastq.gz	/pica/v9/a2014205_nobackup/szilva/TCGA/S1/downsampling/G15511/T/D0ENMACXX111207.6.CCAGTTAG_2.fastq.gz
G15511	XX	0	normal	normal_7	/pica/v9/a2014205_nobackup/szilva/TCGA/S1/downsampling/G15511/T/D0ENMACXX111207.7.CCAGTTAG_1.fastq.gz	/pica/v9/a2014205_nobackup/szilva/TCGA/S1/downsampling/G15511/T/D0ENMACXX111207.7.CCAGTTAG_2.fastq.gz
G15511	XX	1	tumor	tumor_1	/pica/v9/a2014205_nobackup/szilva/TCGA/S1/downsampling/G15511/BL/C09DFACXX111207.1.TTGAGCCT_1.fastq.gz	/pica/v9/a2014205_nobackup/szilva/TCGA/S1/downsampling/G15511/BL/C09DFACXX111207.1.TTGAGCCT_2.fastq.gz
G15511	XX	1	tumor	tumor_2	/pica/v9/a2014205_nobackup/szilva/TCGA/S1/downsampling/G15511/BL/C09DFACXX111207.2.TTGAGCCT_1.fastq.gz	/pica/v9/a2014205_nobackup/szilva/TCGA/S1/downsampling/G15511/BL/C09DFACXX111207.2.TTGAGCCT_2.fastq.gz
G15511	XX	1	tumor	tumor_4	/pica/v9/a2014205_nobackup/szilva/TCGA/S1/downsampling/G15511/BL/D0EN0ACXX111207.4.TTGAGCCT_1.fastq.gz	/pica/v9/a2014205_nobackup/szilva/TCGA/S1/downsampling/G15511/BL/D0EN0ACXX111207.4.TTGAGCCT_2.fastq.gz
G15511	XX	1	tumor	tumor_7	/pica/v9/a2014205_nobackup/szilva/TCGA/S1/downsampling/G15511/BL/D0EN0ACXX111207.7.TTGAGCCT_1.fastq.gz	/pica/v9/a2014205_nobackup/szilva/TCGA/S1/downsampling/G15511/BL/D0EN0ACXX111207.7.TTGAGCCT_2.fastq.gz
G15511	XX	1	tumor	tumor_8	/pica/v9/a2014205_nobackup/szilva/TCGA/S1/downsampling/G15511/BL/D0EN0ACXX111207.8.TTGAGCCT_1.fastq.gz	/pica/v9/a2014205_nobackup/szilva/TCGA/S1/downsampling/G15511/BL/D0EN0ACXX111207.8.TTGAGCCT_2.fastq.gz